<?xml version="1.0" encoding="UTF-8"?>
<beans xmlns="http://www.springframework.org/schema/beans"
	xmlns:xsi="http://www.w3.org/2001/XMLSchema-instance"
	xsi:schemaLocation="http://www.springframework.org/schema/beans http://www.springframework.org/schema/beans/spring-beans.xsd">

	<bean id="emp1" class="com.cg.lab1.c.Employee">
		<property name="employeeId" value="1001" />
		<property name="employeeName" value="Subhanshu" />
		<property name="salary" value="30000.00" />
	</bean>
	
	<bean id="emp2" class="com.cg.lab1.c.Employee">
		<property name="employeeId" value="1002" />
		<property name="employeeName" value="Tanmay" />
		<property name="salary" value="40000.00" />
	</bean>
	
	<bean id="sbu" class="com.cg.lab1.c.SBU">
		<property name="sbuCode" value="12345" />
		<property name="sbuName" value="Kiran Rao" />
		<property name="sbuHead" value="Product Engineering Service" />
		<property name="empList">
			<list>
				<ref bean="emp1"/>
				<ref bean="emp2"/>
			</list>
		</property>
	</bean>

</beans>
